ImeIgraca,ImeKluba,Osnovan,Grad,Dvorana,Kapacitet,Trener,Kapetan,Navijaci
Marko Ramljak,Košarkaški klub Zadar,1945,Zadar,Dvorana Krešimira Ćosića,9000,Danijel Jusup,Marko Ramljak,Tornado Zadar
Luka Božić,Košarkaški klub Zadar,1945,Zadar,Dvorana Krešimira Ćosića,9000,Danijel Jusup,Marko Ramljak,Tornado Zadar
Karlo Žganec,Košarkaški klub Zadar,1945,Zadar,Dvorana Krešimira Ćosića,9000,Danijel Jusup,Marko Ramljak,Tornado Zadar
Dario Drežnjak,Košarkaški klub Zadar,1945,Zadar,Dvorana Krešimira Ćosića,9000,Danijel Jusup,Marko Ramljak,Tornado Zadar
Arijan Lakić,Košarkaški klub Zadar,1945,Zadar,Dvorana Krešimira Ćosića,9000,Danijel Jusup,Marko Ramljak,Tornado Zadar
Adem Mekić,Košarkaški klub Zadar,1945,Zadar,Dvorana Krešimira Ćosića,9000,Danijel Jusup,Marko Ramljak,Tornado Zadar
Lovro Mazalin,Košarkaški klub Zadar,1945,Zadar,Dvorana Krešimira Ćosića,9000,Danijel Jusup,Marko Ramljak,Tornado Zadar
Patrik Jambrović,Košarkaški klub Zadar,1945,Zadar,Dvorana Krešimira Ćosića,9000,Danijel Jusup,Marko Ramljak,Tornado Zadar
Petar Vujačić,Košarkaški klub Zadar,1945,Zadar,Dvorana Krešimira Ćosića,9000,Danijel Jusup,Marko Ramljak,Tornado Zadar
Krševan Klarica,Košarkaški klub Zadar,1945,Zadar,Dvorana Krešimira Ćosića,9000,Danijel Jusup,Marko Ramljak,Tornado Zadar
Vice Grbić,Košarkaški klub Zadar,1945,Zadar,Dvorana Krešimira Ćosića,9000,Danijel Jusup,Marko Ramljak,Tornado Zadar
Ivan Njegovan,Košarkaški klub Zadar,1945,Zadar,Dvorana Krešimira Ćosića,9000,Danijel Jusup,Marko Ramljak,Tornado Zadar
Tonko Vuko,Košarkaški klub Split,1945,Split,Arena Gripe,3500,Slaven Rimac,Tonko Vuko,
Mate Kalajžić,Košarkaški klub Split,1945,Split,Arena Gripe,3500,Slaven Rimac,Tonko Vuko,
Toni Perković,Košarkaški klub Split,1945,Split,Arena Gripe,3500,Slaven Rimac,Tonko Vuko,
Edward Shelton,Košarkaški klub Split,1945,Split,Arena Gripe,3500,Slaven Rimac,Tonko Vuko,
Krešimir Ljubičić,Košarkaški klub Split,1945,Split,Arena Gripe,3500,Slaven Rimac,Tonko Vuko,
Boris Tišma,Košarkaški klub Split,1945,Split,Arena Gripe,3500,Slaven Rimac,Tonko Vuko,
Lovre Runjić,Košarkaški klub Split,1945,Split,Arena Gripe,3500,Slaven Rimac,Tonko Vuko,
James Funderburk,Košarkaški klub Split,1945,Split,Arena Gripe,3500,Slaven Rimac,Tonko Vuko,
Lovro Gnjidić,Košarkaški klub Split,1945,Split,Arena Gripe,3500,Slaven Rimac,Tonko Vuko,
Ante Perkušić,Košarkaški klub Split,1945,Split,Arena Gripe,3500,Slaven Rimac,Tonko Vuko,
David Pavin,Košarkaški klub Split,1945,Split,Arena Gripe,3500,Slaven Rimac,Tonko Vuko,
Antonio Klepo,Košarkaški klub Split,1945,Split,Arena Gripe,3500,Slaven Rimac,Tonko Vuko,
Krešimir Radovčić,Košarkaški klub Cibona,1946,Zagreb,Košarkaški centar Dražen Petrović,5400,Jakša Vulić,Krešimir Radovčić,
Ivan Perasović,Košarkaški klub Cibona,1946,Zagreb,Košarkaški centar Dražen Petrović,5400,Jakša Vulić,Krešimir Radovčić,
Ivan Majcunić,Košarkaški klub Cibona,1946,Zagreb,Košarkaški centar Dražen Petrović,5400,Jakša Vulić,Krešimir Radovčić,
Aleksandar Aranitović,Košarkaški klub Cibona,1946,Zagreb,Košarkaški centar Dražen Petrović,5400,Jakša Vulić,Krešimir Radovčić,
Domagoj Vuković,Košarkaški klub Cibona,1946,Zagreb,Košarkaški centar Dražen Petrović,5400,Jakša Vulić,Krešimir Radovčić,
Josip Pavković,Košarkaški klub Cibona,1946,Zagreb,Košarkaški centar Dražen Petrović,5400,Jakša Vulić,Krešimir Radovčić,
Juraj Golemac,Košarkaški klub Cibona,1946,Zagreb,Košarkaški centar Dražen Petrović,5400,Jakša Vulić,Krešimir Radovčić,
Filip Ferderber,Košarkaški klub Cibona,1946,Zagreb,Košarkaški centar Dražen Petrović,5400,Jakša Vulić,Krešimir Radovčić,
Josip Krizmanić,Košarkaški klub Cibona,1946,Zagreb,Košarkaški centar Dražen Petrović,5400,Jakša Vulić,Krešimir Radovčić,
Niko Bandov,Košarkaški klub Cibona,1946,Zagreb,Košarkaški centar Dražen Petrović,5400,Jakša Vulić,Krešimir Radovčić,
Jere Jakić,Košarkaški klub Cibona,1946,Zagreb,Košarkaški centar Dražen Petrović,5400,Jakša Vulić,Krešimir Radovčić,
Josip Batinić,Košarkaški klub Cedevita Junior,1991,Zagreb,Dom sportova,3100,Damir Mulaomerović,Josip Batinić,
Kevaughn Allen,Košarkaški klub Cedevita Junior,1991,Zagreb,Dom sportova,3100,Damir Mulaomerović,Josip Batinić,
Vito Kučić,Košarkaški klub Cedevita Junior,1991,Zagreb,Dom sportova,3100,Damir Mulaomerović,Josip Batinić,
Sandro Rašić,Košarkaški klub Cedevita Junior,1991,Zagreb,Dom sportova,3100,Damir Mulaomerović,Josip Batinić,
Jan Kosi,Košarkaški klub Cedevita Junior,1991,Zagreb,Dom sportova,3100,Damir Mulaomerović,Josip Batinić,
Ivan Karačić,Košarkaški klub Cedevita Junior,1991,Zagreb,Dom sportova,3100,Damir Mulaomerović,Josip Batinić,
Renato Serdarušić,Košarkaški klub Cedevita Junior,1991,Zagreb,Dom sportova,3100,Damir Mulaomerović,Josip Batinić,
Toni Bilić,Košarkaški klub Cedevita Junior,1991,Zagreb,Dom sportova,3100,Damir Mulaomerović,Josip Batinić,
Marko Ljubičić,Košarkaški klub Cedevita Junior,1991,Zagreb,Dom sportova,3100,Damir Mulaomerović,Josip Batinić,
Luka Mršić,Košarkaški klub Cedevita Junior,1991,Zagreb,Dom sportova,3100,Damir Mulaomerović,Josip Batinić,
Martin Jelić,Košarkaški klub Cedevita Junior,1991,Zagreb,Dom sportova,3100,Damir Mulaomerović,Josip Batinić,
Petar Ogrizović,Košarkaški klub Cedevita Junior,1991,Zagreb,Dom sportova,3100,Damir Mulaomerović,Josip Batinić,
Hrvoje Garafolić,Košarkaški klub Dinamo Zagreb,1972,Zagreb,Košarkaški centar Dražen Petrović,5400,Josip Sesar,Hrvoje Garafolić,Bad Blue Boys
Ivan Vučić,Košarkaški klub Dinamo Zagreb,1972,Zagreb,Košarkaški centar Dražen Petrović,5400,Josip Sesar,Hrvoje Garafolić,Bad Blue Boys
Karlo Mikšić,Košarkaški klub Dinamo Zagreb,1972,Zagreb,Košarkaški centar Dražen Petrović,5400,Josip Sesar,Hrvoje Garafolić,Bad Blue Boys
Ivan Novačić,Košarkaški klub Dinamo Zagreb,1972,Zagreb,Košarkaški centar Dražen Petrović,5400,Josip Sesar,Hrvoje Garafolić,Bad Blue Boys
Ivan Vrgoč,Košarkaški klub Dinamo Zagreb,1972,Zagreb,Košarkaški centar Dražen Petrović,5400,Josip Sesar,Hrvoje Garafolić,Bad Blue Boys
Ivan Nakić-Vojnović,Košarkaški klub Dinamo Zagreb,1972,Zagreb,Košarkaški centar Dražen Petrović,5400,Josip Sesar,Hrvoje Garafolić,Bad Blue Boys
Mislav Brzoja,Košarkaški klub Dinamo Zagreb,1972,Zagreb,Košarkaški centar Dražen Petrović,5400,Josip Sesar,Hrvoje Garafolić,Bad Blue Boys
Filip Kraljević,Košarkaški klub Dinamo Zagreb,1972,Zagreb,Košarkaški centar Dražen Petrović,5400,Josip Sesar,Hrvoje Garafolić,Bad Blue Boys
Ivan Tvrtko Majić,Košarkaški klub Dinamo Zagreb,1972,Zagreb,Košarkaški centar Dražen Petrović,5400,Josip Sesar,Hrvoje Garafolić,Bad Blue Boys
Stipe Dugandžić,Košarkaški klub Dinamo Zagreb,1972,Zagreb,Košarkaški centar Dražen Petrović,5400,Josip Sesar,Hrvoje Garafolić,Bad Blue Boys
Toma Rukavina,Košarkaški klub Dinamo Zagreb,1972,Zagreb,Košarkaški centar Dražen Petrović,5400,Josip Sesar,Hrvoje Garafolić,Bad Blue Boys
Roko Lukić,Košarkaški klub Dinamo Zagreb,1972,Zagreb,Košarkaški centar Dražen Petrović,5400,Josip Sesar,Hrvoje Garafolić,Bad Blue Boys
Marat Kos,Košarkaši klub Bosco Zagreb,1992,Zagreb,Školska sportska dvorana Boško Božić Pepsi,1500,Ante Samac,Marat Kos,
Borna Katanović,Košarkaši klub Bosco Zagreb,1992,Zagreb,Školska sportska dvorana Boško Božić Pepsi,1500,Ante Samac,Marat Kos,
Dino Butorac,Košarkaši klub Bosco Zagreb,1992,Zagreb,Školska sportska dvorana Boško Božić Pepsi,1500,Ante Samac,Marat Kos,
Toni Jelenković,Košarkaši klub Bosco Zagreb,1992,Zagreb,Školska sportska dvorana Boško Božić Pepsi,1500,Ante Samac,Marat Kos,
Nikola Ivanković,Košarkaši klub Bosco Zagreb,1992,Zagreb,Školska sportska dvorana Boško Božić Pepsi,1500,Ante Samac,Marat Kos,
Tin Tikveša,Košarkaši klub Bosco Zagreb,1992,Zagreb,Školska sportska dvorana Boško Božić Pepsi,1500,Ante Samac,Marat Kos,
Matej Akrap,Košarkaši klub Bosco Zagreb,1992,Zagreb,Školska sportska dvorana Boško Božić Pepsi,1500,Ante Samac,Marat Kos,
Bruno Bubalo,Košarkaši klub Bosco Zagreb,1992,Zagreb,Školska sportska dvorana Boško Božić Pepsi,1500,Ante Samac,Marat Kos,
Ante Krapić,Košarkaši klub Bosco Zagreb,1992,Zagreb,Školska sportska dvorana Boško Božić Pepsi,1500,Ante Samac,Marat Kos,
Luka Petranović,Košarkaši klub Bosco Zagreb,1992,Zagreb,Školska sportska dvorana Boško Božić Pepsi,1500,Ante Samac,Marat Kos,
Tomislav Raos,Košarkaši klub Bosco Zagreb,1992,Zagreb,Školska sportska dvorana Boško Božić Pepsi,1500,Ante Samac,Marat Kos,
Ante Ćosić,Košarkaši klub Bosco Zagreb,1992,Zagreb,Školska sportska dvorana Boško Božić Pepsi,1500,Ante Samac,Marat Kos,
Ivan Vodopija,Košarkaški klub Dubrovnik,1946,Dubrovnik,Športska dvorana Gospino polje,1400,Željko Vreća,Ivan Vodopija,
Filip Vujičić,Košarkaški klub Dubrovnik,1946,Dubrovnik,Športska dvorana Gospino polje,1400,Željko Vreća,Ivan Vodopija,
Petar Dubelj,Košarkaški klub Dubrovnik,1946,Dubrovnik,Športska dvorana Gospino polje,1400,Željko Vreća,Ivan Vodopija,
Javon Markese Levi,Košarkaški klub Dubrovnik,1946,Dubrovnik,Športska dvorana Gospino polje,1400,Željko Vreća,Ivan Vodopija,
Tomislav Cvitković,Košarkaški klub Dubrovnik,1946,Dubrovnik,Športska dvorana Gospino polje,1400,Željko Vreća,Ivan Vodopija,
Vladan Lazić,Košarkaški klub Dubrovnik,1946,Dubrovnik,Športska dvorana Gospino polje,1400,Željko Vreća,Ivan Vodopija,
Gvido Guštin,Košarkaški klub Dubrovnik,1946,Dubrovnik,Športska dvorana Gospino polje,1400,Željko Vreća,Ivan Vodopija,
Dragan Džajić,Košarkaški klub Dubrovnik,1946,Dubrovnik,Športska dvorana Gospino polje,1400,Željko Vreća,Ivan Vodopija,
Josip Popić,Košarkaški klub Dubrovnik,1946,Dubrovnik,Športska dvorana Gospino polje,1400,Željko Vreća,Ivan Vodopija,
Lovre Klarić,Košarkaški klub Dubrovnik,1946,Dubrovnik,Športska dvorana Gospino polje,1400,Željko Vreća,Ivan Vodopija,
Petar Miović,Košarkaški klub Dubrovnik,1946,Dubrovnik,Športska dvorana Gospino polje,1400,Željko Vreća,Ivan Vodopija,
Jakov Vujičić,Košarkaški klub Dubrovnik,1946,Dubrovnik,Športska dvorana Gospino polje,1400,Željko Vreća,Ivan Vodopija,
Hrvoje Vučić,Košarkaški klub Alkar Sinj,1955,Sinj,Gradska sportska dvorana Ivica Glavan Ićo,600,Tihomir Mustapić,Hrvoje Vučić,Sinjski Maligani
Michael Green,Košarkaški klub Alkar Sinj,1955,Sinj,Gradska sportska dvorana Ivica Glavan Ićo,600,Tihomir Mustapić,Hrvoje Vučić,Sinjski Maligani
Mirko Jukić,Košarkaški klub Alkar Sinj,1955,Sinj,Gradska sportska dvorana Ivica Glavan Ićo,600,Tihomir Mustapić,Hrvoje Vučić,Sinjski Maligani
Ralph Bissainthe,Košarkaški klub Alkar Sinj,1955,Sinj,Gradska sportska dvorana Ivica Glavan Ićo,600,Tihomir Mustapić,Hrvoje Vučić,Sinjski Maligani
Kuol Alok,Košarkaški klub Alkar Sinj,1955,Sinj,Gradska sportska dvorana Ivica Glavan Ićo,600,Tihomir Mustapić,Hrvoje Vučić,Sinjski Maligani
Ivan Pavela,Košarkaški klub Alkar Sinj,1955,Sinj,Gradska sportska dvorana Ivica Glavan Ićo,600,Tihomir Mustapić,Hrvoje Vučić,Sinjski Maligani
Ivan Nazor,Košarkaški klub Alkar Sinj,1955,Sinj,Gradska sportska dvorana Ivica Glavan Ićo,600,Tihomir Mustapić,Hrvoje Vučić,Sinjski Maligani
Maksim Matulina,Košarkaški klub Alkar Sinj,1955,Sinj,Gradska sportska dvorana Ivica Glavan Ićo,600,Tihomir Mustapić,Hrvoje Vučić,Sinjski Maligani
Jure Boban,Košarkaški klub Alkar Sinj,1955,Sinj,Gradska sportska dvorana Ivica Glavan Ićo,600,Tihomir Mustapić,Hrvoje Vučić,Sinjski Maligani
Ante Čović,Košarkaški klub Alkar Sinj,1955,Sinj,Gradska sportska dvorana Ivica Glavan Ićo,600,Tihomir Mustapić,Hrvoje Vučić,Sinjski Maligani
Mario Rajčić,Košarkaški klub DepoLink Škrljevo,1973,Bakar,Dvorana Mavrinci,720,Damir Rajković,Mario Rajčić,
Karlo Uljarević,Košarkaški klub DepoLink Škrljevo,1973,Bakar,Dvorana Mavrinci,720,Damir Rajković,Mario Rajčić,
Viktor Šarić,Košarkaški klub DepoLink Škrljevo,1973,Bakar,Dvorana Mavrinci,720,Damir Rajković,Mario Rajčić,
Marcus Taylor,Košarkaški klub DepoLink Škrljevo,1973,Bakar,Dvorana Mavrinci,720,Damir Rajković,Mario Rajčić,
Noa Svoboda,Košarkaški klub DepoLink Škrljevo,1973,Bakar,Dvorana Mavrinci,720,Damir Rajković,Mario Rajčić,
Ivan Gulin,Košarkaški klub DepoLink Škrljevo,1973,Bakar,Dvorana Mavrinci,720,Damir Rajković,Mario Rajčić,
Vigo Bart,Košarkaški klub DepoLink Škrljevo,1973,Bakar,Dvorana Mavrinci,720,Damir Rajković,Mario Rajčić,
Leon Šljivarić,Košarkaški klub DepoLink Škrljevo,1973,Bakar,Dvorana Mavrinci,720,Damir Rajković,Mario Rajčić,
Darius Bell,Košarkaški klub DepoLink Škrljevo,1973,Bakar,Dvorana Mavrinci,720,Damir Rajković,Mario Rajčić,
Nikola Stanojević,Košarkaški klub DepoLink Škrljevo,1973,Bakar,Dvorana Mavrinci,720,Damir Rajković,Mario Rajčić,
Luka Ćošić,Košarkaški klub DepoLink Škrljevo,1973,Bakar,Dvorana Mavrinci,720,Damir Rajković,Mario Rajčić,
Filip Miljković,Košarkaški klub DepoLink Škrljevo,1973,Bakar,Dvorana Mavrinci,720,Damir Rajković,Mario Rajčić,
Mateo Vidović,Košarkaški klub Dubrava,1976,Zagreb,Športska dvorana Dubrava,1800,Jeronimo Šarin,Mateo Vidović,
Toni Ročak,Košarkaški klub Dubrava,1976,Zagreb,Športska dvorana Dubrava,1800,Jeronimo Šarin,Mateo Vidović,
Mihael Kos,Košarkaški klub Dubrava,1976,Zagreb,Športska dvorana Dubrava,1800,Jeronimo Šarin,Mateo Vidović,
Andrej Matić,Košarkaški klub Dubrava,1976,Zagreb,Športska dvorana Dubrava,1800,Jeronimo Šarin,Mateo Vidović,
Issaih Arnold,Košarkaški klub Dubrava,1976,Zagreb,Športska dvorana Dubrava,1800,Jeronimo Šarin,Mateo Vidović,
Ivan Jurić,Košarkaški klub Dubrava,1976,Zagreb,Športska dvorana Dubrava,1800,Jeronimo Šarin,Mateo Vidović,
Kenan Karahodžić,Košarkaški klub Dubrava,1976,Zagreb,Športska dvorana Dubrava,1800,Jeronimo Šarin,Mateo Vidović,
Filip Paponja,Košarkaški klub Dubrava,1976,Zagreb,Športska dvorana Dubrava,1800,Jeronimo Šarin,Mateo Vidović,
Jean-Francois Rajaofera,Košarkaški klub Dubrava,1976,Zagreb,Športska dvorana Dubrava,1800,Jeronimo Šarin,Mateo Vidović,
Dario Kuzmanović,Košarkaški klub Dubrava,1976,Zagreb,Športska dvorana Dubrava,1800,Jeronimo Šarin,Mateo Vidović,
Niko Rimac,Košarkaški klub Dubrava,1976,Zagreb,Športska dvorana Dubrava,1800,Jeronimo Šarin,Mateo Vidović,
Filip Kalajžić,Košarkaški klub Dubrava,1976,Zagreb,Športska dvorana Dubrava,1800,Jeronimo Šarin,Mateo Vidović,
Antonio Črnjević,Košarkaški klub Zabok,1977,Zabok,Sportska dvorana Zabok,1800,Ivan Tomas,Antonio Črnjević,
Antonio Sikirić,Košarkaški klub Zabok,1977,Zabok,Sportska dvorana Zabok,1800,Ivan Tomas,Antonio Črnjević,
Emil Savić,Košarkaški klub Zabok,1977,Zabok,Sportska dvorana Zabok,1800,Ivan Tomas,Antonio Črnjević,
Dino Cinac,Košarkaški klub Zabok,1977,Zabok,Sportska dvorana Zabok,1800,Ivan Tomas,Antonio Črnjević,
Luka Cvitanović,Košarkaški klub Zabok,1977,Zabok,Sportska dvorana Zabok,1800,Ivan Tomas,Antonio Črnjević,
Arnet Owens,Košarkaški klub Zabok,1977,Zabok,Sportska dvorana Zabok,1800,Ivan Tomas,Antonio Črnjević,
Bruno Rebić,Košarkaški klub Zabok,1977,Zabok,Sportska dvorana Zabok,1800,Ivan Tomas,Antonio Črnjević,
Mihael Tomić,Košarkaški klub Zabok,1977,Zabok,Sportska dvorana Zabok,1800,Ivan Tomas,Antonio Črnjević,
Andro Antonić,Košarkaški klub Zabok,1977,Zabok,Sportska dvorana Zabok,1800,Ivan Tomas,Antonio Črnjević,
Vigor Borovčak,Košarkaški klub Zabok,1977,Zabok,Sportska dvorana Zabok,1800,Ivan Tomas,Antonio Črnjević,
Ante Šustić,Košarkaški klub Zabok,1977,Zabok,Sportska dvorana Zabok,1800,Ivan Tomas,Antonio Črnjević,
Duje Damjanić,Košarkaški klub Zabok,1977,Zabok,Sportska dvorana Zabok,1800,Ivan Tomas,Antonio Črnjević,
Antonio Klarin,Građanski košarkaški klub Šibenka,2010,Šibenik,Sportka dvorana Baldekin,1726,Damir Milačić,Antonio Klarin,Funcuti
Luka Babić,Građanski košarkaški klub Šibenka,2010,Šibenik,Sportka dvorana Baldekin,1726,Damir Milačić,Antonio Klarin,Funcuti
Matej Perković,Građanski košarkaški klub Šibenka,2010,Šibenik,Sportka dvorana Baldekin,1726,Damir Milačić,Antonio Klarin,Funcuti
Lovro Mandalinić,Građanski košarkaški klub Šibenka,2010,Šibenik,Sportka dvorana Baldekin,1726,Damir Milačić,Antonio Klarin,Funcuti
Luka Skorić,Građanski košarkaški klub Šibenka,2010,Šibenik,Sportka dvorana Baldekin,1726,Damir Milačić,Antonio Klarin,Funcuti
Armin Hrštić,Građanski košarkaški klub Šibenka,2010,Šibenik,Sportka dvorana Baldekin,1726,Damir Milačić,Antonio Klarin,Funcuti
Andre Brown,Građanski košarkaški klub Šibenka,2010,Šibenik,Sportka dvorana Baldekin,1726,Damir Milačić,Antonio Klarin,Funcuti
Myles Howard,Građanski košarkaški klub Šibenka,2010,Šibenik,Sportka dvorana Baldekin,1726,Damir Milačić,Antonio Klarin,Funcuti
Lukas Ivan Bobek,Građanski košarkaški klub Šibenka,2010,Šibenik,Sportka dvorana Baldekin,1726,Damir Milačić,Antonio Klarin,Funcuti
Antonyo Makale Foreman,Građanski košarkaški klub Šibenka,2010,Šibenik,Sportka dvorana Baldekin,1726,Damir Milačić,Antonio Klarin,Funcuti
Dominik Škugor,Građanski košarkaški klub Šibenka,2010,Šibenik,Sportka dvorana Baldekin,1726,Damir Milačić,Antonio Klarin,Funcuti
Đorđe Topolović,Građanski košarkaški klub Šibenka,2010,Šibenik,Sportka dvorana Baldekin,1726,Damir Milačić,Antonio Klarin,Funcuti
